{"cameraMode":{"drawMode":0,"name":"Shaded","section":"Shading Mode"},"sceneLighting":true,"audioPlay":false,"sceneViewState":{"m_AlwaysRefresh":false,"showFog":true,"showSkybox":false,"showFlares":true,"showImageEffects":true,"showParticleSystems":true,"showVisualEffectGraphs":true,"m_FxEnabled":true},"in2DMode":false,"pivot":{"x":57.751060485839847,"y":12.419232368469239,"z":-5.693342685699463},"rotation":{"x":-0.2588978111743927,"y":0.16332854330539704,"z":-0.04446859285235405,"w":-0.9509474635124207},"size":0.25619208812713625,"orthographic":false}