{"cameraMode":{"drawMode":0,"name":"Shaded","section":"Shading Mode"},"sceneLighting":true,"audioPlay":false,"sceneViewState":{"m_AlwaysRefresh":false,"showFog":true,"showSkybox":false,"showFlares":true,"showImageEffects":true,"showParticleSystems":true,"showVisualEffectGraphs":true,"m_FxEnabled":true},"in2DMode":false,"pivot":{"x":95.95646667480469,"y":0.1846054643392563,"z":195.59092712402345},"rotation":{"x":-0.0332607664167881,"y":-0.04948561266064644,"z":0.0016734778182581068,"w":-0.9982065558433533},"size":60.47325897216797,"orthographic":false}